titulo,url
Graduação,https://ufu.br/graduacao
Pós-graduação,https://ufu.br/pos-graduacao
Educação a Distância,https://ufu.br/ead
Educação Básica,https://ufu.br/educacao-basica
Educação Profissional,https://ufu.br/educacao-profissional
Residência e Internato,https://ufu.br/residencia-internato
Internacionalização,https://ufu.br/internacionalizacao
Pesquisa e Inovação,https://ufu.br/pesquisa-inovacao
Extensão e Cultura,https://ufu.br/extensao-cultura
Assistência estudantil,https://ufu.br/assistencia-estudantil
Estude na UFU,https://ufu.br/estude-na-ufu
